<?xml version="1.0" encoding="UTF-8"?>
<Configuration monitorInterval="5">
	<Properties>

		<Property name="log.dir">logs</Property>
		<Property name="log.level">debug</Property>
	</Properties>
	<Appenders>
		<Console name="Console" target="SYSTEM_OUT">
			<PatternLayout
				pattern="%d{HH:mm:ss.SSS} [%t] %-5level %logger{36} - %msg%n" />
		</Console>

		<RollingFile name="RollingFile"
			fileName="${sys:log.dir}/auto.log"
			filePattern="./logs/auto-%d{-dd-MMMM-yyyy}-%i.log.gz">
			<PatternLayout>
				<pattern>%d %p %C{1.} [%t] %m%n</pattern>
			</PatternLayout>
			<Policies>
				<!-- rollover on startup, daily and when the file reaches 10 MegaBytes -->
				<OnStartupTriggeringPolicy />
				<SizeBasedTriggeringPolicy size="20 MB" />
				<TimeBasedTriggeringPolicy />
			</Policies>
			<DefaultRolloverStrategy max="15">
				<Delete basePath="${sys:log.dir}/" maxDepth="2">
					<IfFileName glob="*.log" />
					<IfLastModified age="15d" />
				</Delete>
			</DefaultRolloverStrategy>
		</RollingFile>

	</Appenders>

	<Loggers>
		<Logger name="com.smartec" level="${sys:log.level}"></Logger>

		<!-- LOG everything at warn level -->
		<Root level="warn">
			<AppenderRef ref="Console" />
			<AppenderRef ref="RollingFile" />
		</Root>


	</Loggers>

</Configuration>